{
  "events": [
    {
      "id": "1",
      "title": "사과",
      "date": "2023-02-22",
      "image": "http://qwerew.cafe24.com/images/apple.png",
      "description": "먹고싶지 사과"
    },
    {
      "id": "2",
      "title": "바나나",
      "date": "2023-05-22",
      "image": "http://qwerew.cafe24.com/images/banana.png",
      "description": "멜론이다"
    },
    {
      "id": "3",
      "title": "오렌지",
      "date": "2023-04-22",
      "image": "http://qwerew.cafe24.com/images/orange.png",
      "description": "오렌쥐"
    }
  ]
}
